{
  "0": {
    "precision": 0.5344827586206896,
    "recall": 0.5166666666666667,
    "f1-score": 0.5254237288135594,
    "support": 60.0
  },
  "1": {
    "precision": 0.795774647887324,
    "recall": 0.8071428571428572,
    "f1-score": 0.8014184397163121,
    "support": 140.0
  },
  "accuracy": 0.72,
  "macro avg": {
    "precision": 0.6651287032540067,
    "recall": 0.661904761904762,
    "f1-score": 0.6634210842649357,
    "support": 200.0
  },
  "weighted avg": {
    "precision": 0.7173870811073337,
    "recall": 0.72,
    "f1-score": 0.7186200264454863,
    "support": 200.0
  }
}