{
  "0": {
    "precision": 0.52,
    "recall": 0.43333333333333335,
    "f1-score": 0.4727272727272727,
    "support": 60.0
  },
  "1": {
    "precision": 0.7733333333333333,
    "recall": 0.8285714285714286,
    "f1-score": 0.8,
    "support": 140.0
  },
  "accuracy": 0.71,
  "macro avg": {
    "precision": 0.6466666666666667,
    "recall": 0.6309523809523809,
    "f1-score": 0.6363636363636364,
    "support": 200.0
  },
  "weighted avg": {
    "precision": 0.6973333333333334,
    "recall": 0.71,
    "f1-score": 0.7018181818181819,
    "support": 200.0
  }
}