{
  "0": {
    "precision": 0.47674418604651164,
    "recall": 0.6833333333333333,
    "f1-score": 0.5616438356164384,
    "support": 60.0
  },
  "1": {
    "precision": 0.8333333333333334,
    "recall": 0.6785714285714286,
    "f1-score": 0.7480314960629921,
    "support": 140.0
  },
  "accuracy": 0.68,
  "macro avg": {
    "precision": 0.6550387596899225,
    "recall": 0.680952380952381,
    "f1-score": 0.6548376658397153,
    "support": 200.0
  },
  "weighted avg": {
    "precision": 0.7263565891472868,
    "recall": 0.68,
    "f1-score": 0.6921151979290261,
    "support": 200.0
  }
}