{
  "0": {
    "precision": 0.582089552238806,
    "recall": 0.65,
    "f1-score": 0.6141732283464567,
    "support": 60.0
  },
  "1": {
    "precision": 0.8421052631578947,
    "recall": 0.8,
    "f1-score": 0.8205128205128205,
    "support": 140.0
  },
  "accuracy": 0.755,
  "macro avg": {
    "precision": 0.7120974076983504,
    "recall": 0.7250000000000001,
    "f1-score": 0.7173430244296386,
    "support": 200.0
  },
  "weighted avg": {
    "precision": 0.7641005498821681,
    "recall": 0.755,
    "f1-score": 0.7586109428629113,
    "support": 200.0
  }
}