{
  "0": {
    "precision": 0.5340909090909091,
    "recall": 0.7833333333333333,
    "f1-score": 0.6351351351351351,
    "support": 60.0
  },
  "1": {
    "precision": 0.8839285714285714,
    "recall": 0.7071428571428572,
    "f1-score": 0.7857142857142857,
    "support": 140.0
  },
  "accuracy": 0.73,
  "macro avg": {
    "precision": 0.7090097402597402,
    "recall": 0.7452380952380953,
    "f1-score": 0.7104247104247103,
    "support": 200.0
  },
  "weighted avg": {
    "precision": 0.7789772727272728,
    "recall": 0.73,
    "f1-score": 0.7405405405405405,
    "support": 200.0
  }
}